insert 1 Sarah sarah.taylor@example.com
insert 2 Emma emma.davis@mail.com
insert 3 Chris chris.martinez@email.com
insert 4 Michael michael.brown@email.com
insert 5 Chris chris.brown@webmail.com
insert 6 Michael michael.jones@webmail.com
insert 7 Michael michael.davis@service.com
insert 8 Chris chris.davis@email.com
insert 9 Michael michael.johnson@example.com
insert 10 Sarah sarah.miller@email.com
insert 11 Laura laura.williams@email.com
insert 12 Michael michael.martinez@email.com
insert 13 James james.jones@service.com
insert 14 Jane jane.smith@mail.com
insert 15 Emma emma.williams@email.com
insert 16 David david.williams@email.com
insert 17 Michael michael.johnson@example.com
insert 18 Sarah sarah.garcia@service.com
insert 19 James james.smith@service.com
insert 20 Emily emily.miller@webmail.com
insert 21 Sarah sarah.jones@email.com
insert 22 Jane jane.miller@webmail.com
insert 23 Laura laura.davis@mail.com
insert 24 Jane jane.davis@service.com
insert 25 Emma emma.taylor@example.com
insert 26 Emma emma.williams@webmail.com
insert 27 James james.johnson@service.com
insert 28 Jane jane.williams@service.com
insert 29 David david.miller@service.com
insert 30 Jane jane.smith@email.com
insert 31 Jane jane.johnson@webmail.com
insert 32 Sarah sarah.johnson@webmail.com
insert 33 Chris chris.williams@webmail.com
insert 34 Jane jane.johnson@webmail.com
insert 35 John john.johnson@example.com
insert 36 Michael michael.taylor@mail.com
insert 37 James james.brown@service.com
insert 38 James james.johnson@example.com
insert 39 Emily emily.taylor@webmail.com
insert 40 James james.davis@example.com
insert 41 Chris chris.williams@service.com
insert 42 Jane jane.williams@mail.com
insert 43 David david.smith@mail.com
insert 44 Michael michael.jones@webmail.com
insert 45 Laura laura.williams@service.com
insert 46 Emily emily.johnson@example.com
insert 47 Emily emily.williams@example.com
insert 48 John john.taylor@webmail.com
insert 49 Emily emily.smith@email.com
insert 50 David david.brown@email.com
insert 51 James james.davis@mail.com
insert 52 David david.taylor@service.com
insert 53 James james.garcia@webmail.com
insert 54 Jane jane.martinez@mail.com
insert 55 Laura laura.davis@service.com
insert 56 Michael michael.garcia@mail.com
insert 57 Laura laura.johnson@webmail.com
insert 58 Sarah sarah.jones@example.com
insert 59 Michael michael.jones@service.com
insert 60 James james.williams@example.com
insert 61 Jane jane.smith@email.com
insert 62 Michael michael.brown@email.com
insert 63 John john.jones@service.com
insert 64 Michael michael.garcia@mail.com
insert 65 Jane jane.smith@mail.com
insert 66 Michael michael.jones@example.com
insert 67 James james.davis@mail.com
insert 68 David david.miller@email.com
insert 69 Jane jane.smith@service.com
insert 70 David david.jones@webmail.com
insert 71 Jane jane.johnson@email.com
insert 72 Emily emily.brown@example.com
insert 73 Jane jane.jones@mail.com
insert 74 Laura laura.miller@service.com
insert 75 Laura laura.davis@email.com
insert 76 Emily emily.taylor@webmail.com
insert 77 John john.taylor@service.com
insert 78 Jane jane.brown@example.com
insert 79 Laura laura.garcia@example.com
insert 80 Chris chris.miller@example.com
insert 81 Sarah sarah.taylor@example.com
insert 82 Jane jane.jones@email.com
insert 83 Emma emma.johnson@email.com
insert 84 Michael michael.taylor@mail.com
insert 85 Emma emma.miller@example.com
insert 86 James james.williams@example.com
insert 87 Michael michael.taylor@email.com
insert 88 Jane jane.jones@mail.com
insert 89 John john.taylor@webmail.com
insert 90 Emily emily.johnson@mail.com
insert 91 Chris chris.miller@service.com
insert 92 Laura laura.taylor@webmail.com
insert 93 David david.taylor@mail.com
insert 94 David david.taylor@mail.com
insert 95 Sarah sarah.garcia@example.com
insert 96 Sarah sarah.brown@webmail.com
insert 97 David david.taylor@example.com
insert 98 Michael michael.williams@service.com
insert 99 Emma emma.davis@webmail.com
insert 100 Laura laura.brown@email.com
insert 101 Michael michael.johnson@webmail.com
insert 102 Chris chris.brown@example.com
insert 103 Laura laura.smith@mail.com
insert 104 Sarah sarah.jones@webmail.com
insert 105 Emma emma.taylor@email.com
insert 106 Chris chris.brown@service.com
insert 107 James james.smith@example.com
insert 108 Jane jane.garcia@service.com
insert 109 John john.jones@webmail.com
insert 110 Sarah sarah.brown@service.com
insert 111 Sarah sarah.martinez@example.com
insert 112 Chris chris.miller@mail.com
insert 113 Michael michael.smith@example.com
insert 114 David david.brown@email.com
insert 115 Sarah sarah.smith@service.com
insert 116 John john.martinez@example.com
insert 117 Emma emma.davis@mail.com
insert 118 John john.taylor@email.com
insert 119 John john.davis@mail.com
insert 120 Emily emily.martinez@mail.com
insert 121 David david.jones@example.com
insert 122 David david.smith@service.com
insert 123 Jane jane.taylor@example.com
insert 124 Laura laura.jones@email.com
insert 125 Emily emily.johnson@webmail.com
insert 126 David david.johnson@webmail.com
insert 127 Michael michael.martinez@webmail.com
insert 128 Michael michael.miller@example.com
insert 129 Emily emily.martinez@mail.com
insert 130 Sarah sarah.miller@webmail.com
insert 131 Chris chris.garcia@webmail.com
insert 132 Michael michael.jones@webmail.com
insert 133 Emma emma.martinez@email.com
insert 134 Emily emily.davis@service.com
insert 135 Chris chris.smith@service.com
insert 136 Sarah sarah.johnson@example.com
insert 137 Emma emma.brown@webmail.com
insert 138 Emma emma.williams@webmail.com
insert 139 David david.miller@mail.com
insert 140 Emma emma.garcia@email.com
insert 141 James james.davis@webmail.com
insert 142 James james.brown@example.com
insert 143 John john.miller@mail.com
insert 144 Sarah sarah.smith@webmail.com
insert 145 Laura laura.jones@example.com
insert 146 Jane jane.johnson@webmail.com
insert 147 Emily emily.brown@email.com
insert 148 James james.johnson@service.com
insert 149 Sarah sarah.jones@webmail.com
insert 150 Laura laura.jones@mail.com
insert 151 Emma emma.williams@mail.com
insert 152 Laura laura.smith@webmail.com
insert 153 Emma emma.taylor@email.com
insert 154 John john.taylor@service.com
insert 155 Chris chris.garcia@service.com
insert 156 Emma emma.garcia@service.com
insert 157 James james.taylor@service.com
insert 158 Emma emma.jones@webmail.com
insert 159 Sarah sarah.miller@mail.com
insert 160 Jane jane.martinez@service.com
insert 161 Sarah sarah.brown@email.com
insert 162 Emily emily.williams@mail.com
insert 163 Emma emma.davis@service.com
insert 164 John john.smith@service.com
insert 165 Sarah sarah.taylor@service.com
insert 166 John john.davis@service.com
insert 167 Jane jane.brown@example.com
insert 168 James james.brown@service.com
insert 169 Emily emily.martinez@service.com
insert 170 Jane jane.taylor@example.com
insert 171 Sarah sarah.jones@example.com
insert 172 Laura laura.garcia@webmail.com
insert 173 Emily emily.smith@mail.com
insert 174 Chris chris.davis@webmail.com
insert 175 Sarah sarah.garcia@email.com
insert 176 Michael michael.garcia@service.com
insert 177 Sarah sarah.williams@email.com
insert 178 John john.jones@service.com
insert 179 Jane jane.davis@service.com
insert 180 Michael michael.taylor@mail.com
insert 181 Emma emma.williams@service.com
insert 182 James james.smith@webmail.com
insert 183 Michael michael.johnson@service.com
insert 184 Michael michael.martinez@mail.com
insert 185 Emily emily.brown@service.com
insert 186 Jane jane.smith@service.com
insert 187 John john.brown@mail.com
insert 188 Laura laura.davis@service.com
insert 189 David david.davis@service.com
insert 190 Laura laura.smith@example.com
insert 191 Emma emma.jones@mail.com
insert 192 Michael michael.johnson@service.com
insert 193 Emma emma.miller@webmail.com
insert 194 David david.williams@service.com
insert 195 Laura laura.johnson@mail.com
insert 196 Laura laura.brown@webmail.com
insert 197 John john.smith@service.com
insert 198 David david.jones@example.com
insert 199 Emily emily.garcia@email.com
insert 200 Chris chris.johnson@webmail.com
insert 201 Michael michael.martinez@mail.com
insert 202 Michael michael.brown@service.com
insert 203 Michael michael.martinez@mail.com
insert 204 David david.davis@email.com
insert 205 Emily emily.davis@email.com
insert 206 Chris chris.smith@service.com
insert 207 James james.johnson@webmail.com
insert 208 Emily emily.johnson@webmail.com
insert 209 Chris chris.brown@mail.com
insert 210 James james.miller@webmail.com
insert 211 Michael michael.taylor@example.com
insert 212 David david.johnson@mail.com
insert 213 Laura laura.jones@webmail.com
insert 214 Chris chris.davis@webmail.com
insert 215 Emma emma.miller@email.com
insert 216 David david.johnson@email.com
insert 217 David david.johnson@service.com
insert 218 Laura laura.taylor@service.com
insert 219 Laura laura.williams@mail.com
insert 220 James james.williams@service.com
insert 221 Jane jane.brown@mail.com
insert 222 Chris chris.jones@example.com
insert 223 David david.jones@mail.com
insert 224 Emma emma.taylor@service.com
insert 225 Chris chris.smith@service.com
insert 226 James james.davis@mail.com
insert 227 Laura laura.garcia@service.com
insert 228 Emily emily.taylor@email.com
insert 229 David david.johnson@mail.com
insert 230 Laura laura.jones@webmail.com
insert 231 Chris chris.johnson@webmail.com
insert 232 John john.davis@email.com
insert 233 John john.brown@service.com
insert 234 David david.garcia@email.com
insert 235 David david.brown@service.com
insert 236 Chris chris.garcia@mail.com
insert 237 Michael michael.davis@example.com
insert 238 Emily emily.brown@example.com
insert 239 Laura laura.martinez@mail.com
insert 240 David david.brown@service.com
insert 241 David david.davis@mail.com
insert 242 David david.garcia@mail.com
insert 243 Laura laura.davis@email.com
insert 244 David david.garcia@service.com
insert 245 Michael michael.jones@mail.com
insert 246 Emily emily.martinez@service.com
insert 247 James james.miller@email.com
insert 248 Jane jane.taylor@webmail.com
insert 249 Laura laura.williams@webmail.com
insert 250 James james.jones@service.com
insert 251 David david.martinez@email.com
insert 252 Laura laura.johnson@service.com
insert 253 Jane jane.garcia@service.com
insert 254 Michael michael.taylor@email.com
insert 255 John john.smith@webmail.com
insert 256 Sarah sarah.miller@service.com
insert 257 Chris chris.miller@email.com
insert 258 Emma emma.miller@mail.com
insert 259 David david.williams@mail.com
insert 260 John john.williams@service.com
insert 261 Jane jane.brown@email.com
insert 262 Laura laura.martinez@service.com
insert 263 Sarah sarah.johnson@mail.com
insert 264 Emily emily.taylor@webmail.com
insert 265 Emily emily.davis@example.com
insert 266 David david.taylor@service.com
insert 267 Sarah sarah.smith@mail.com
insert 268 David david.miller@service.com
insert 269 Emma emma.jones@mail.com
insert 270 Emma emma.taylor@mail.com
insert 271 Emma emma.johnson@email.com
insert 272 Emma emma.smith@example.com
insert 273 Michael michael.garcia@mail.com
insert 274 Michael michael.miller@webmail.com
insert 275 Laura laura.smith@email.com
insert 276 Jane jane.brown@email.com
insert 277 David david.smith@email.com
insert 278 John john.taylor@mail.com
insert 279 Emily emily.jones@example.com
insert 280 Chris chris.davis@email.com
insert 281 John john.taylor@example.com
insert 282 Sarah sarah.jones@email.com
insert 283 Emma emma.smith@mail.com
insert 284 John john.smith@service.com
insert 285 John john.smith@webmail.com
insert 286 James james.brown@webmail.com
insert 287 Emma emma.johnson@service.com
insert 288 Emma emma.garcia@example.com
insert 289 Emily emily.johnson@example.com
insert 290 Michael michael.johnson@mail.com
insert 291 Chris chris.garcia@mail.com
insert 292 Jane jane.johnson@service.com
insert 293 Jane jane.davis@email.com
insert 294 James james.jones@email.com
insert 295 Laura laura.jones@service.com
insert 296 Chris chris.davis@webmail.com
insert 297 Sarah sarah.taylor@webmail.com
insert 298 James james.williams@example.com
insert 299 John john.smith@example.com
insert 300 David david.miller@email.com
insert 301 Chris chris.johnson@service.com
insert 302 Sarah sarah.garcia@webmail.com
insert 303 James james.martinez@webmail.com
insert 304 Sarah sarah.miller@email.com
insert 305 Jane jane.taylor@email.com
insert 306 Emma emma.taylor@service.com
insert 307 Chris chris.smith@mail.com
insert 308 Michael michael.brown@mail.com
insert 309 Emily emily.martinez@webmail.com
insert 310 James james.garcia@example.com
insert 311 Emily emily.davis@mail.com
insert 312 David david.taylor@email.com
insert 313 Laura laura.taylor@service.com
insert 314 Sarah sarah.martinez@service.com
insert 315 Emily emily.brown@service.com
insert 316 Laura laura.garcia@mail.com
insert 317 Laura laura.johnson@service.com
insert 318 Emma emma.garcia@email.com
insert 319 Laura laura.taylor@service.com
insert 320 David david.garcia@webmail.com
insert 321 John john.martinez@example.com
insert 322 Laura laura.taylor@webmail.com
insert 323 Jane jane.taylor@email.com
insert 324 Chris chris.smith@service.com
insert 325 Sarah sarah.garcia@example.com
insert 326 Michael michael.williams@example.com
insert 327 Chris chris.martinez@service.com
insert 328 Chris chris.johnson@example.com
insert 329 David david.johnson@webmail.com
insert 330 Emily emily.smith@example.com
insert 331 Emily emily.taylor@webmail.com
insert 332 Emma emma.jones@service.com
insert 333 Sarah sarah.smith@webmail.com
insert 334 Chris chris.davis@webmail.com
insert 335 Chris chris.taylor@webmail.com
insert 336 John john.johnson@webmail.com
insert 337 John john.taylor@service.com
insert 338 Chris chris.martinez@service.com
insert 339 Emily emily.johnson@webmail.com
insert 340 James james.smith@service.com
insert 341 Chris chris.davis@service.com
insert 342 Chris chris.taylor@webmail.com
insert 343 Emma emma.williams@email.com
insert 344 Emma emma.miller@email.com
insert 345 Emma emma.martinez@email.com
insert 346 Laura laura.davis@email.com
insert 347 Emma emma.taylor@webmail.com
insert 348 Emily emily.taylor@example.com
insert 349 Emma emma.johnson@mail.com
insert 350 Michael michael.williams@email.com
insert 351 David david.taylor@service.com
insert 352 Emily emily.taylor@email.com
insert 353 David david.taylor@webmail.com
insert 354 Emma emma.taylor@webmail.com
insert 355 Jane jane.brown@service.com
insert 356 Michael michael.martinez@example.com
insert 357 Emily emily.smith@mail.com
insert 358 James james.smith@example.com
insert 359 David david.davis@email.com
insert 360 Michael michael.smith@service.com
insert 361 Emma emma.taylor@webmail.com
insert 362 Sarah sarah.martinez@service.com
insert 363 Emily emily.garcia@webmail.com
insert 364 Sarah sarah.johnson@example.com
insert 365 Emma emma.brown@email.com
insert 366 Emily emily.miller@webmail.com
insert 367 David david.jones@email.com
insert 368 John john.johnson@webmail.com
insert 369 Laura laura.johnson@webmail.com
insert 370 Sarah sarah.williams@example.com
insert 371 John john.brown@mail.com
insert 372 Laura laura.johnson@mail.com
insert 373 David david.garcia@webmail.com
insert 374 Emily emily.garcia@service.com
insert 375 Sarah sarah.miller@email.com
insert 376 John john.miller@service.com
insert 377 Jane jane.smith@webmail.com
insert 378 David david.miller@webmail.com
insert 379 Emma emma.smith@mail.com
insert 380 Laura laura.jones@webmail.com
insert 381 Laura laura.taylor@email.com
insert 382 Emily emily.johnson@example.com
insert 383 Laura laura.jones@webmail.com
insert 384 Emily emily.martinez@example.com
insert 385 David david.johnson@mail.com
insert 386 Emily emily.jones@mail.com
insert 387 James james.martinez@example.com
insert 388 Chris chris.jones@service.com
insert 389 James james.williams@webmail.com
insert 390 John john.miller@email.com
insert 391 Laura laura.jones@webmail.com
insert 392 Chris chris.smith@webmail.com
insert 393 Chris chris.johnson@webmail.com
insert 394 David david.johnson@webmail.com
insert 395 Michael michael.garcia@webmail.com
insert 396 Sarah sarah.johnson@example.com
insert 397 Laura laura.jones@mail.com
insert 398 Emily emily.martinez@email.com
insert 399 Chris chris.smith@email.com
insert 400 David david.johnson@example.com
insert 401 Chris chris.jones@webmail.com
insert 402 Sarah sarah.taylor@service.com
insert 403 James james.jones@mail.com
insert 404 Emily emily.smith@example.com
insert 405 David david.garcia@mail.com
insert 406 Emily emily.davis@example.com
insert 407 Jane jane.jones@webmail.com
insert 408 Jane jane.martinez@webmail.com
insert 409 Jane jane.martinez@service.com
insert 410 Emma emma.garcia@example.com
insert 411 Emily emily.taylor@example.com
insert 412 Emma emma.williams@service.com
insert 413 Sarah sarah.garcia@email.com
insert 414 Michael michael.garcia@email.com
insert 415 Laura laura.martinez@service.com
insert 416 Laura laura.smith@mail.com
insert 417 James james.miller@example.com
insert 418 Emily emily.johnson@example.com
insert 419 Chris chris.johnson@email.com
insert 420 Sarah sarah.martinez@service.com
insert 421 Jane jane.smith@example.com
insert 422 James james.taylor@webmail.com
insert 423 Emma emma.jones@service.com
insert 424 Emily emily.miller@example.com
insert 425 Jane jane.johnson@service.com
insert 426 Laura laura.williams@service.com
insert 427 James james.smith@mail.com
insert 428 Jane jane.taylor@webmail.com
insert 429 Emily emily.taylor@mail.com
insert 430 John john.martinez@mail.com
insert 431 Emma emma.davis@webmail.com
insert 432 Michael michael.davis@mail.com
insert 433 Emma emma.johnson@email.com
insert 434 Emily emily.brown@example.com
insert 435 James james.miller@example.com
insert 436 Sarah sarah.garcia@mail.com
insert 437 Emily emily.johnson@webmail.com
insert 438 Jane jane.garcia@mail.com
insert 439 Jane jane.taylor@example.com
insert 440 Jane jane.williams@webmail.com
insert 441 James james.martinez@example.com
insert 442 Sarah sarah.brown@email.com
insert 443 Laura laura.jones@email.com
insert 444 James james.smith@mail.com
insert 445 Laura laura.jones@service.com
insert 446 Michael michael.brown@webmail.com
insert 447 Emily emily.johnson@example.com
insert 448 Emily emily.smith@webmail.com
insert 449 David david.johnson@webmail.com
insert 450 James james.brown@mail.com
insert 451 Michael michael.martinez@mail.com
insert 452 James james.garcia@webmail.com
insert 453 John john.smith@service.com
insert 454 David david.martinez@mail.com
insert 455 David david.williams@example.com
insert 456 Sarah sarah.davis@email.com
insert 457 John john.williams@webmail.com
insert 458 Emily emily.williams@email.com
insert 459 Sarah sarah.garcia@service.com
insert 460 Sarah sarah.taylor@webmail.com
insert 461 Laura laura.brown@example.com
insert 462 Chris chris.taylor@example.com
insert 463 Chris chris.garcia@example.com
insert 464 Emma emma.johnson@mail.com
insert 465 Chris chris.davis@webmail.com
insert 466 Laura laura.jones@example.com
insert 467 Chris chris.martinez@mail.com
insert 468 Sarah sarah.taylor@example.com
insert 469 Laura laura.jones@email.com
insert 470 Jane jane.miller@email.com
insert 471 Jane jane.johnson@webmail.com
insert 472 Chris chris.jones@mail.com
insert 473 Emma emma.jones@email.com
insert 474 Sarah sarah.williams@service.com
insert 475 Michael michael.martinez@example.com
insert 476 Jane jane.taylor@example.com
insert 477 Emma emma.martinez@example.com
insert 478 Laura laura.taylor@email.com
insert 479 David david.miller@example.com
insert 480 Emily emily.garcia@email.com
insert 481 James james.johnson@webmail.com
insert 482 Jane jane.brown@webmail.com
insert 483 Chris chris.martinez@email.com
insert 484 Jane jane.taylor@webmail.com
insert 485 David david.garcia@email.com
insert 486 Laura laura.martinez@email.com
insert 487 Sarah sarah.davis@example.com
insert 488 Emma emma.garcia@example.com
insert 489 Michael michael.williams@mail.com
insert 490 Laura laura.brown@mail.com
insert 491 John john.williams@example.com
insert 492 Emma emma.williams@service.com
insert 493 Michael michael.martinez@webmail.com
insert 494 James james.williams@mail.com
insert 495 Emma emma.davis@email.com
insert 496 Sarah sarah.brown@example.com
insert 497 David david.miller@service.com
insert 498 James james.williams@webmail.com
insert 499 Emily emily.miller@mail.com
insert 500 James james.brown@mail.com
insert 501 Emma emma.miller@webmail.com
insert 502 Michael michael.brown@webmail.com
insert 503 Chris chris.miller@email.com
insert 504 Emily emily.smith@service.com
insert 505 Chris chris.garcia@service.com
insert 506 Jane jane.garcia@service.com
insert 507 Chris chris.jones@email.com
insert 508 Laura laura.davis@service.com
insert 509 Sarah sarah.davis@webmail.com
insert 510 Michael michael.martinez@mail.com
insert 511 James james.taylor@mail.com
insert 512 Chris chris.johnson@email.com
insert 513 Chris chris.brown@mail.com
insert 514 Laura laura.smith@service.com
insert 515 Chris chris.taylor@service.com
insert 516 Jane jane.jones@webmail.com
insert 517 Emily emily.smith@mail.com
insert 518 Emily emily.brown@service.com
insert 519 Jane jane.johnson@webmail.com
insert 520 Emily emily.miller@mail.com
insert 521 Emily emily.johnson@email.com
insert 522 Chris chris.jones@service.com
insert 523 Michael michael.brown@service.com
insert 524 Jane jane.davis@email.com
insert 525 John john.smith@mail.com
insert 526 Michael michael.smith@mail.com
insert 527 Laura laura.martinez@webmail.com
insert 528 Sarah sarah.taylor@webmail.com
insert 529 Chris chris.martinez@service.com
insert 530 David david.davis@example.com
insert 531 David david.martinez@service.com
insert 532 John john.miller@email.com
insert 533 Emma emma.johnson@service.com
insert 534 Sarah sarah.brown@example.com
insert 535 Emma emma.martinez@service.com
insert 536 Emma emma.johnson@example.com
insert 537 Laura laura.jones@example.com
insert 538 Michael michael.jones@mail.com
insert 539 John john.davis@service.com
insert 540 David david.garcia@example.com
insert 541 Emma emma.taylor@example.com
insert 542 Sarah sarah.jones@email.com
insert 543 John john.davis@example.com
insert 544 Jane jane.martinez@service.com
insert 545 Laura laura.brown@mail.com
insert 546 James james.garcia@mail.com
insert 547 Laura laura.brown@mail.com
insert 548 Chris chris.garcia@mail.com
insert 549 David david.williams@webmail.com
insert 550 John john.taylor@service.com
insert 551 John john.brown@mail.com
insert 552 John john.johnson@webmail.com
insert 553 Emily emily.davis@webmail.com
insert 554 Emily emily.smith@email.com
insert 555 James james.smith@example.com
insert 556 Laura laura.brown@service.com
insert 557 James james.miller@mail.com
insert 558 Laura laura.taylor@example.com
insert 559 Laura laura.miller@mail.com
insert 560 Sarah sarah.smith@webmail.com
insert 561 Michael michael.martinez@webmail.com
insert 562 John john.miller@mail.com
insert 563 John john.brown@example.com
insert 564 David david.davis@mail.com
insert 565 Emily emily.martinez@example.com
insert 566 Laura laura.smith@email.com
insert 567 Laura laura.smith@mail.com
insert 568 Emma emma.martinez@webmail.com
insert 569 David david.taylor@mail.com
insert 570 Michael michael.taylor@email.com
insert 571 John john.johnson@service.com
insert 572 John john.taylor@email.com
insert 573 Emma emma.smith@mail.com
insert 574 Emily emily.jones@email.com
insert 575 Laura laura.taylor@service.com
insert 576 James james.brown@mail.com
insert 577 Sarah sarah.martinez@webmail.com
insert 578 Jane jane.johnson@email.com
insert 579 Michael michael.smith@example.com
insert 580 Emily emily.davis@webmail.com
insert 581 Jane jane.smith@email.com
insert 582 Emma emma.taylor@webmail.com
insert 583 Emily emily.smith@example.com
insert 584 Laura laura.williams@email.com
insert 585 David david.johnson@email.com
insert 586 David david.brown@service.com
insert 587 Jane jane.martinez@mail.com
insert 588 Michael michael.miller@webmail.com
insert 589 Sarah sarah.jones@mail.com
insert 590 John john.jones@webmail.com
insert 591 David david.jones@service.com
insert 592 James james.miller@email.com
insert 593 Emily emily.smith@webmail.com
insert 594 Sarah sarah.martinez@webmail.com
insert 595 James james.martinez@mail.com
insert 596 Michael michael.martinez@webmail.com
insert 597 Jane jane.miller@service.com
insert 598 Laura laura.davis@mail.com
insert 599 Chris chris.martinez@webmail.com
insert 600 James james.williams@webmail.com
insert 601 Sarah sarah.miller@mail.com
insert 602 Michael michael.williams@email.com
insert 603 Laura laura.garcia@webmail.com
insert 604 James james.garcia@example.com
insert 605 David david.williams@service.com
insert 606 Sarah sarah.williams@email.com
insert 607 Chris chris.williams@email.com
insert 608 David david.martinez@mail.com
insert 609 David david.garcia@example.com
insert 610 James james.brown@mail.com
insert 611 Emily emily.johnson@service.com
insert 612 Emma emma.jones@service.com
insert 613 Michael michael.johnson@webmail.com
insert 614 Emma emma.miller@email.com
insert 615 Jane jane.davis@mail.com
insert 616 Emily emily.jones@webmail.com
insert 617 Laura laura.smith@example.com
insert 618 James james.williams@mail.com
insert 619 Emily emily.jones@service.com
insert 620 Emily emily.garcia@webmail.com
insert 621 Jane jane.brown@example.com
insert 622 Chris chris.martinez@service.com
insert 623 Michael michael.martinez@example.com
insert 624 Laura laura.jones@email.com
insert 625 John john.brown@webmail.com
insert 626 Jane jane.johnson@service.com
insert 627 David david.miller@mail.com
insert 628 Emily emily.garcia@service.com
insert 629 Emma emma.martinez@example.com
insert 630 Emily emily.johnson@service.com
insert 631 Laura laura.williams@webmail.com
insert 632 Michael michael.smith@example.com
insert 633 Chris chris.williams@mail.com
insert 634 John john.johnson@email.com
insert 635 James james.johnson@email.com
insert 636 James james.garcia@service.com
insert 637 Emma emma.martinez@email.com
insert 638 John john.jones@webmail.com
insert 639 David david.johnson@example.com
insert 640 James james.williams@example.com
insert 641 James james.johnson@email.com
insert 642 Michael michael.garcia@example.com
insert 643 Sarah sarah.miller@webmail.com
insert 644 James james.taylor@webmail.com
insert 645 Laura laura.brown@email.com
insert 646 Emily emily.smith@mail.com
insert 647 Sarah sarah.johnson@service.com
insert 648 David david.taylor@service.com
insert 649 David david.brown@email.com
insert 650 David david.davis@email.com
insert 651 Michael michael.davis@mail.com
insert 652 Jane jane.smith@email.com
insert 653 David david.taylor@service.com
insert 654 James james.garcia@webmail.com
insert 655 John john.garcia@webmail.com
insert 656 Chris chris.smith@example.com
insert 657 Michael michael.brown@webmail.com
insert 658 James james.smith@service.com
insert 659 David david.garcia@mail.com
insert 660 Emily emily.davis@webmail.com
insert 661 Emma emma.johnson@mail.com
insert 662 Jane jane.miller@webmail.com
insert 663 David david.smith@example.com
insert 664 Sarah sarah.miller@mail.com
insert 665 James james.johnson@example.com
insert 666 Sarah sarah.davis@example.com
insert 667 Emily emily.williams@example.com
insert 668 Chris chris.brown@webmail.com
insert 669 James james.martinez@service.com
insert 670 Sarah sarah.davis@mail.com
insert 671 Sarah sarah.taylor@mail.com
insert 672 Emma emma.davis@example.com
insert 673 Sarah sarah.garcia@mail.com
insert 674 Laura laura.taylor@email.com
insert 675 Chris chris.davis@example.com
insert 676 Laura laura.davis@mail.com
insert 677 Emily emily.smith@example.com
insert 678 Sarah sarah.johnson@mail.com
insert 679 David david.garcia@mail.com
insert 680 Michael michael.jones@webmail.com
insert 681 John john.jones@mail.com
insert 682 David david.jones@email.com
insert 683 Michael michael.garcia@service.com
insert 684 Laura laura.garcia@webmail.com
insert 685 Sarah sarah.miller@mail.com
insert 686 Emily emily.martinez@service.com
insert 687 Michael michael.johnson@mail.com
insert 688 James james.smith@example.com
insert 689 Emma emma.jones@service.com
insert 690 David david.taylor@email.com
insert 691 Sarah sarah.davis@email.com
insert 692 Emma emma.martinez@webmail.com
insert 693 Sarah sarah.taylor@example.com
insert 694 Michael michael.miller@service.com
insert 695 Sarah sarah.miller@webmail.com
insert 696 Laura laura.martinez@service.com
insert 697 Laura laura.jones@email.com
insert 698 Michael michael.miller@mail.com
insert 699 Jane jane.taylor@service.com
insert 700 Emily emily.brown@example.com
insert 701 Michael michael.jones@webmail.com
insert 702 Sarah sarah.brown@service.com
insert 703 Emma emma.brown@service.com
insert 704 Emily emily.garcia@email.com
insert 705 Emma emma.johnson@service.com
insert 706 John john.davis@example.com
insert 707 John john.garcia@service.com
insert 708 David david.miller@example.com
insert 709 Jane jane.jones@email.com
insert 710 Sarah sarah.williams@webmail.com
insert 711 Emily emily.smith@example.com
insert 712 David david.johnson@service.com
insert 713 Emma emma.martinez@service.com
insert 714 Laura laura.miller@email.com
insert 715 Sarah sarah.jones@email.com
insert 716 Emily emily.taylor@email.com
insert 717 Emma emma.taylor@mail.com
insert 718 Michael michael.williams@email.com
insert 719 Michael michael.smith@webmail.com
insert 720 Jane jane.taylor@email.com
insert 721 David david.garcia@mail.com
insert 722 Emma emma.miller@email.com
insert 723 Laura laura.martinez@service.com
insert 724 Michael michael.garcia@webmail.com
insert 725 Emma emma.martinez@service.com
insert 726 James james.brown@webmail.com
insert 727 Emily emily.johnson@email.com
insert 728 Michael michael.martinez@example.com
insert 729 Michael michael.brown@service.com
insert 730 Emily emily.garcia@service.com
insert 731 Jane jane.jones@email.com
insert 732 David david.johnson@service.com
insert 733 Chris chris.williams@mail.com
insert 734 Chris chris.williams@service.com
insert 735 John john.miller@mail.com
insert 736 Michael michael.taylor@example.com
insert 737 Laura laura.williams@email.com
insert 738 Jane jane.davis@example.com
insert 739 David david.jones@mail.com
insert 740 Emma emma.taylor@webmail.com
insert 741 Emily emily.garcia@webmail.com
insert 742 Chris chris.smith@service.com
insert 743 Sarah sarah.garcia@webmail.com
insert 744 David david.garcia@service.com
insert 745 Chris chris.garcia@webmail.com
insert 746 Chris chris.williams@mail.com
insert 747 Sarah sarah.smith@email.com
insert 748 Laura laura.smith@mail.com
insert 749 David david.brown@mail.com
insert 750 Laura laura.johnson@email.com
insert 751 Sarah sarah.miller@email.com
insert 752 Michael michael.jones@email.com
insert 753 Michael michael.smith@service.com
insert 754 Chris chris.martinez@example.com
insert 755 Sarah sarah.johnson@webmail.com
insert 756 Sarah sarah.smith@example.com
insert 757 Emma emma.smith@service.com
insert 758 Jane jane.miller@mail.com
insert 759 Emma emma.johnson@webmail.com
insert 760 David david.martinez@email.com
insert 761 Sarah sarah.johnson@webmail.com
insert 762 Laura laura.brown@webmail.com
insert 763 James james.johnson@email.com
insert 764 Michael michael.smith@email.com
insert 765 Chris chris.miller@webmail.com
insert 766 Emily emily.martinez@email.com
insert 767 James james.taylor@webmail.com
insert 768 Jane jane.jones@service.com
insert 769 Emily emily.taylor@webmail.com
insert 770 Michael michael.johnson@mail.com
insert 771 David david.garcia@email.com
insert 772 Emma emma.smith@webmail.com
insert 773 John john.williams@service.com
insert 774 John john.smith@service.com
insert 775 Michael michael.smith@service.com
insert 776 Michael michael.smith@webmail.com
insert 777 Sarah sarah.johnson@service.com
insert 778 Chris chris.martinez@service.com
insert 779 David david.jones@webmail.com
insert 780 Emma emma.garcia@mail.com
insert 781 Laura laura.johnson@webmail.com
insert 782 Michael michael.garcia@email.com
insert 783 Emma emma.williams@email.com
insert 784 John john.williams@example.com
insert 785 Emily emily.martinez@email.com
insert 786 Jane jane.williams@email.com
insert 787 Emily emily.taylor@webmail.com
insert 788 Sarah sarah.jones@example.com
insert 789 Sarah sarah.smith@mail.com
insert 790 Laura laura.davis@service.com
insert 791 Chris chris.jones@service.com
insert 792 James james.martinez@email.com
insert 793 James james.williams@example.com
insert 794 Emily emily.martinez@service.com
insert 795 James james.miller@example.com
insert 796 Chris chris.garcia@mail.com
insert 797 David david.garcia@webmail.com
insert 798 Michael michael.williams@example.com
insert 799 Sarah sarah.miller@email.com
insert 800 John john.jones@example.com
insert 801 John john.martinez@webmail.com
insert 802 James james.johnson@email.com
insert 803 Jane jane.martinez@webmail.com
insert 804 Chris chris.davis@webmail.com
insert 805 Jane jane.taylor@email.com
insert 806 John john.davis@service.com
insert 807 Emma emma.brown@mail.com
insert 808 James james.garcia@webmail.com
insert 809 Laura laura.taylor@email.com
insert 810 Michael michael.williams@email.com
insert 811 James james.taylor@service.com
insert 812 Michael michael.martinez@service.com
insert 813 James james.taylor@webmail.com
insert 814 David david.smith@mail.com
insert 815 Laura laura.jones@service.com
insert 816 Michael michael.martinez@mail.com
insert 817 Michael michael.williams@service.com
insert 818 Chris chris.garcia@example.com
insert 819 Laura laura.garcia@service.com
insert 820 Emily emily.taylor@mail.com
insert 821 Emma emma.brown@email.com
insert 822 James james.taylor@service.com
insert 823 James james.jones@webmail.com
insert 824 Laura laura.jones@mail.com
insert 825 Emily emily.davis@example.com
insert 826 Sarah sarah.taylor@webmail.com
insert 827 James james.davis@webmail.com
insert 828 Jane jane.jones@webmail.com
insert 829 Emma emma.jones@service.com
insert 830 Emma emma.jones@webmail.com
insert 831 Jane jane.williams@service.com
insert 832 David david.martinez@email.com
insert 833 Sarah sarah.johnson@service.com
insert 834 Laura laura.garcia@webmail.com
insert 835 David david.brown@email.com
insert 836 James james.williams@service.com
insert 837 Sarah sarah.jones@example.com
insert 838 Laura laura.williams@example.com
insert 839 Emily emily.williams@example.com
insert 840 James james.davis@webmail.com
insert 841 Jane jane.jones@email.com
insert 842 Michael michael.taylor@mail.com
insert 843 Emma emma.davis@webmail.com
insert 844 Chris chris.jones@webmail.com
insert 845 Jane jane.miller@service.com
insert 846 David david.johnson@webmail.com
insert 847 Laura laura.taylor@service.com
insert 848 Sarah sarah.jones@email.com
insert 849 John john.taylor@webmail.com
insert 850 Emily emily.garcia@service.com
insert 851 Emily emily.williams@service.com
insert 852 Emily emily.jones@webmail.com
insert 853 John john.johnson@webmail.com
insert 854 James james.smith@email.com
insert 855 James james.smith@email.com
insert 856 Jane jane.martinez@email.com
insert 857 Laura laura.miller@service.com
insert 858 Emily emily.davis@webmail.com
insert 859 Jane jane.smith@webmail.com
insert 860 Emily emily.williams@example.com
insert 861 Michael michael.martinez@mail.com
insert 862 John john.garcia@email.com
insert 863 Chris chris.brown@mail.com
insert 864 Emma emma.martinez@webmail.com
insert 865 James james.jones@example.com
insert 866 Emma emma.martinez@service.com
insert 867 James james.garcia@example.com
insert 868 Michael michael.williams@service.com
insert 869 Emily emily.johnson@example.com
insert 870 Emily emily.smith@webmail.com
insert 871 Michael michael.brown@service.com
insert 872 Emily emily.johnson@example.com
insert 873 James james.garcia@example.com
insert 874 Emily emily.martinez@webmail.com
insert 875 Laura laura.brown@service.com
insert 876 Laura laura.garcia@mail.com
insert 877 Emma emma.jones@email.com
insert 878 David david.davis@service.com
insert 879 James james.martinez@service.com
insert 880 Laura laura.jones@example.com
insert 881 Sarah sarah.garcia@example.com
insert 882 Laura laura.davis@mail.com
insert 883 Emma emma.davis@example.com
insert 884 David david.jones@service.com
insert 885 Sarah sarah.martinez@example.com
insert 886 Sarah sarah.smith@mail.com
insert 887 Chris chris.miller@webmail.com
insert 888 Emma emma.johnson@example.com
insert 889 Emma emma.williams@service.com
insert 890 Emily emily.martinez@service.com
insert 891 Michael michael.johnson@email.com
insert 892 Chris chris.miller@webmail.com
insert 893 Emma emma.taylor@service.com
insert 894 Michael michael.johnson@example.com
insert 895 Emma emma.williams@email.com
insert 896 Chris chris.taylor@mail.com
insert 897 Jane jane.davis@mail.com
insert 898 James james.johnson@webmail.com
insert 899 Emma emma.jones@service.com
insert 900 David david.johnson@mail.com
insert 901 Michael michael.johnson@mail.com
insert 902 Sarah sarah.garcia@service.com
insert 903 Emma emma.martinez@service.com
insert 904 Emily emily.brown@service.com
insert 905 Michael michael.brown@webmail.com
insert 906 Sarah sarah.brown@webmail.com
insert 907 Emma emma.davis@service.com
insert 908 Michael michael.smith@email.com
insert 909 Sarah sarah.martinez@email.com
insert 910 Emma emma.johnson@example.com
insert 911 Emma emma.jones@webmail.com
insert 912 John john.miller@example.com
insert 913 Sarah sarah.martinez@mail.com
insert 914 John john.miller@service.com
insert 915 John john.smith@service.com
insert 916 Sarah sarah.smith@webmail.com
insert 917 Sarah sarah.johnson@mail.com
insert 918 James james.smith@service.com
insert 919 David david.davis@service.com
insert 920 David david.miller@email.com
insert 921 Emma emma.miller@service.com
insert 922 Emily emily.miller@email.com
insert 923 Jane jane.jones@mail.com
insert 924 Emily emily.brown@example.com
insert 925 James james.taylor@mail.com
insert 926 Chris chris.jones@example.com
insert 927 Emma emma.brown@email.com
insert 928 James james.martinez@service.com
insert 929 Sarah sarah.martinez@service.com
insert 930 Emily emily.williams@mail.com
insert 931 Chris chris.garcia@email.com
insert 932 John john.williams@mail.com
insert 933 David david.taylor@service.com
insert 934 Laura laura.garcia@example.com
insert 935 John john.brown@example.com
insert 936 Emma emma.williams@webmail.com
insert 937 Chris chris.garcia@email.com
insert 938 John john.williams@service.com
insert 939 Jane jane.williams@webmail.com
insert 940 John john.smith@mail.com
insert 941 David david.brown@webmail.com
insert 942 John john.martinez@mail.com
insert 943 Emma emma.brown@service.com
insert 944 Sarah sarah.johnson@webmail.com
insert 945 Jane jane.taylor@webmail.com
insert 946 John john.taylor@webmail.com
insert 947 Michael michael.johnson@example.com
insert 948 James james.miller@service.com
insert 949 Laura laura.johnson@webmail.com
insert 950 Laura laura.johnson@example.com
insert 951 Michael michael.taylor@email.com
insert 952 Emily emily.johnson@service.com
insert 953 Laura laura.taylor@mail.com
insert 954 David david.taylor@webmail.com
insert 955 Emma emma.williams@service.com
insert 956 David david.smith@webmail.com
insert 957 David david.smith@example.com
insert 958 Sarah sarah.smith@example.com
insert 959 Michael michael.davis@mail.com
insert 960 Sarah sarah.martinez@mail.com
insert 961 Chris chris.taylor@service.com
insert 962 Laura laura.taylor@example.com
insert 963 Michael michael.garcia@webmail.com
insert 964 Jane jane.davis@email.com
insert 965 Emma emma.williams@service.com
insert 966 David david.johnson@email.com
insert 967 Laura laura.davis@webmail.com
insert 968 David david.miller@service.com
insert 969 Emily emily.taylor@webmail.com
insert 970 Emily emily.johnson@mail.com
insert 971 Sarah sarah.garcia@example.com
insert 972 Michael michael.davis@service.com
insert 973 Laura laura.johnson@service.com
insert 974 Sarah sarah.taylor@email.com
insert 975 John john.johnson@service.com
insert 976 Chris chris.taylor@mail.com
insert 977 Emma emma.davis@webmail.com
insert 978 Sarah sarah.brown@email.com
insert 979 Jane jane.davis@service.com
insert 980 Chris chris.jones@mail.com
insert 981 James james.brown@mail.com
insert 982 Chris chris.martinez@webmail.com
insert 983 Chris chris.taylor@service.com
insert 984 Michael michael.martinez@email.com
insert 985 David david.jones@webmail.com
insert 986 James james.davis@service.com
insert 987 Sarah sarah.jones@webmail.com
insert 988 Laura laura.johnson@webmail.com
insert 989 Emma emma.smith@email.com
insert 990 Laura laura.williams@example.com
insert 991 Jane jane.johnson@email.com
insert 992 Laura laura.davis@email.com
insert 993 David david.martinez@service.com
insert 994 James james.brown@email.com
insert 995 Michael michael.martinez@service.com
insert 996 Michael michael.martinez@webmail.com
insert 997 Sarah sarah.brown@mail.com
insert 998 Michael michael.davis@webmail.com
insert 999 John john.martinez@example.com
insert 1000 Laura laura.jones@email.com
insert 1001 Laura laura.jones@service.com
insert 1002 Emily emily.garcia@service.com
insert 1003 Emma emma.johnson@example.com
insert 1004 Laura laura.smith@mail.com
insert 1005 Sarah sarah.johnson@email.com
insert 1006 Laura laura.miller@mail.com
insert 1007 Chris chris.taylor@mail.com
insert 1008 Laura laura.davis@mail.com
insert 1009 Emma emma.williams@example.com
insert 1010 Jane jane.miller@email.com
insert 1011 Michael michael.smith@email.com
insert 1012 Emma emma.garcia@service.com
insert 1013 Sarah sarah.johnson@webmail.com
insert 1014 Sarah sarah.smith@service.com
insert 1015 Jane jane.williams@mail.com
insert 1016 Jane jane.brown@email.com
insert 1017 Sarah sarah.brown@service.com
insert 1018 John john.miller@service.com
insert 1019 Sarah sarah.miller@mail.com
insert 1020 David david.williams@webmail.com
insert 1021 Emma emma.miller@mail.com
insert 1022 Jane jane.martinez@example.com
insert 1023 Emily emily.garcia@email.com
insert 1024 Laura laura.jones@email.com
insert 1025 Emily emily.smith@service.com
insert 1026 Jane jane.williams@example.com
insert 1027 Emma emma.davis@service.com
insert 1028 Sarah sarah.garcia@service.com
insert 1029 John john.williams@example.com
insert 1030 David david.taylor@example.com
insert 1031 Chris chris.smith@mail.com
insert 1032 Emma emma.brown@mail.com
insert 1033 Emma emma.martinez@webmail.com
insert 1034 Jane jane.miller@example.com
insert 1035 Laura laura.martinez@service.com
insert 1036 David david.miller@service.com
insert 1037 Chris chris.miller@mail.com
insert 1038 Laura laura.williams@webmail.com
insert 1039 James james.davis@mail.com
insert 1040 Emily emily.martinez@mail.com
insert 1041 Sarah sarah.martinez@email.com
insert 1042 Sarah sarah.brown@webmail.com
insert 1043 Emily emily.smith@webmail.com
insert 1044 John john.martinez@webmail.com
insert 1045 Jane jane.miller@webmail.com
insert 1046 David david.taylor@email.com
insert 1047 Emily emily.brown@mail.com
insert 1048 Emily emily.jones@webmail.com
insert 1049 Emma emma.williams@example.com
insert 1050 Emily emily.martinez@mail.com
insert 1051 Emma emma.jones@service.com
insert 1052 Laura laura.taylor@email.com
insert 1053 John john.smith@mail.com
insert 1054 John john.miller@example.com
insert 1055 Chris chris.johnson@webmail.com
insert 1056 Chris chris.brown@example.com
insert 1057 Laura laura.smith@service.com
insert 1058 Emma emma.davis@service.com
insert 1059 Michael michael.martinez@service.com
insert 1060 John john.brown@example.com
insert 1061 Emma emma.miller@mail.com
insert 1062 Laura laura.johnson@email.com
insert 1063 John john.taylor@example.com
insert 1064 Emma emma.johnson@mail.com
insert 1065 Sarah sarah.brown@service.com
insert 1066 Jane jane.jones@webmail.com
insert 1067 Laura laura.jones@mail.com
insert 1068 Chris chris.smith@mail.com
insert 1069 John john.martinez@mail.com
insert 1070 Laura laura.johnson@mail.com
insert 1071 Sarah sarah.williams@example.com
insert 1072 Michael michael.williams@webmail.com
insert 1073 Sarah sarah.martinez@webmail.com
insert 1074 Sarah sarah.brown@mail.com
insert 1075 Emily emily.martinez@email.com
insert 1076 Laura laura.martinez@service.com
insert 1077 Jane jane.miller@mail.com
insert 1078 James james.martinez@webmail.com
insert 1079 Jane jane.davis@service.com
insert 1080 David david.smith@example.com
insert 1081 Sarah sarah.martinez@example.com
insert 1082 James james.davis@email.com
insert 1083 Michael michael.garcia@service.com
insert 1084 Emily emily.davis@mail.com
insert 1085 Michael michael.miller@email.com
insert 1086 Chris chris.jones@service.com
insert 1087 Sarah sarah.johnson@webmail.com
insert 1088 Emma emma.jones@service.com
insert 1089 David david.smith@mail.com
insert 1090 Emma emma.brown@mail.com
insert 1091 Emma emma.martinez@webmail.com
insert 1092 Chris chris.davis@webmail.com
insert 1093 David david.miller@example.com
insert 1094 Laura laura.garcia@service.com
insert 1095 John john.williams@example.com
insert 1096 David david.brown@webmail.com
insert 1097 David david.garcia@mail.com
insert 1098 Chris chris.brown@example.com
insert 1099 Laura laura.smith@service.com
insert 1100 Emma emma.miller@service.com
insert 1101 Laura laura.garcia@example.com
insert 1102 John john.garcia@email.com
insert 1103 David david.johnson@example.com
insert 1104 Emily emily.jones@webmail.com
insert 1105 John john.davis@mail.com
insert 1106 Jane jane.miller@email.com
insert 1107 Sarah sarah.martinez@example.com
insert 1108 Sarah sarah.davis@example.com
insert 1109 Chris chris.davis@service.com
insert 1110 Sarah sarah.taylor@email.com
insert 1111 Michael michael.martinez@email.com
insert 1112 Sarah sarah.garcia@mail.com
insert 1113 Michael michael.davis@service.com
insert 1114 Sarah sarah.davis@example.com
insert 1115 James james.johnson@mail.com
insert 1116 James james.smith@mail.com
insert 1117 Michael michael.brown@email.com
insert 1118 David david.brown@webmail.com
insert 1119 Laura laura.garcia@webmail.com
insert 1120 Chris chris.smith@email.com
insert 1121 David david.smith@email.com
insert 1122 Emily emily.davis@webmail.com
insert 1123 Chris chris.garcia@service.com
insert 1124 Emma emma.jones@email.com
insert 1125 James james.jones@email.com
insert 1126 Jane jane.davis@example.com
insert 1127 John john.miller@email.com
insert 1128 James james.smith@service.com
insert 1129 Emily emily.davis@mail.com
insert 1130 Laura laura.garcia@service.com
insert 1131 Laura laura.brown@example.com
insert 1132 Laura laura.taylor@email.com
insert 1133 David david.williams@email.com
insert 1134 John john.miller@example.com
insert 1135 Jane jane.davis@service.com
insert 1136 Sarah sarah.martinez@webmail.com
insert 1137 Emily emily.johnson@mail.com
insert 1138 Emma emma.smith@webmail.com
insert 1139 John john.taylor@email.com
insert 1140 John john.davis@email.com
insert 1141 Laura laura.smith@example.com
insert 1142 John john.martinez@email.com
insert 1143 Emma emma.miller@example.com
insert 1144 Michael michael.taylor@email.com
insert 1145 James james.taylor@webmail.com
insert 1146 Sarah sarah.garcia@example.com
insert 1147 Laura laura.miller@email.com
insert 1148 David david.williams@webmail.com
insert 1149 Chris chris.martinez@example.com
insert 1150 Chris chris.taylor@service.com
insert 1151 James james.martinez@mail.com
insert 1152 David david.johnson@webmail.com
insert 1153 Chris chris.martinez@service.com
insert 1154 Emma emma.brown@mail.com
insert 1155 Laura laura.brown@example.com
insert 1156 Sarah sarah.johnson@webmail.com
insert 1157 David david.smith@service.com
insert 1158 Jane jane.williams@webmail.com
insert 1159 Jane jane.brown@service.com
insert 1160 David david.garcia@email.com
insert 1161 Michael michael.taylor@example.com
insert 1162 James james.johnson@webmail.com
insert 1163 Jane jane.jones@example.com
insert 1164 Emma emma.taylor@mail.com
insert 1165 Chris chris.davis@webmail.com
insert 1166 James james.davis@mail.com
insert 1167 John john.davis@webmail.com
insert 1168 Jane jane.miller@email.com
insert 1169 Emily emily.smith@webmail.com
insert 1170 Emily emily.brown@example.com
insert 1171 Michael michael.brown@email.com
insert 1172 James james.garcia@service.com
insert 1173 Sarah sarah.miller@email.com
insert 1174 John john.martinez@example.com
insert 1175 James james.jones@email.com
insert 1176 Emily emily.smith@service.com
insert 1177 James james.martinez@example.com
insert 1178 Chris chris.miller@service.com
insert 1179 Michael michael.jones@email.com
insert 1180 David david.garcia@email.com
insert 1181 Laura laura.garcia@mail.com
insert 1182 Sarah sarah.taylor@service.com
insert 1183 David david.garcia@webmail.com
insert 1184 Sarah sarah.martinez@mail.com
insert 1185 Sarah sarah.jones@service.com
insert 1186 James james.williams@service.com
insert 1187 James james.williams@service.com
insert 1188 Chris chris.davis@mail.com
insert 1189 David david.davis@service.com
insert 1190 Laura laura.martinez@service.com
insert 1191 James james.martinez@example.com
insert 1192 Emily emily.garcia@mail.com
insert 1193 Michael michael.brown@service.com
insert 1194 Chris chris.miller@email.com
insert 1195 James james.martinez@email.com
insert 1196 John john.johnson@service.com
insert 1197 Sarah sarah.williams@mail.com
insert 1198 Chris chris.miller@mail.com
insert 1199 David david.davis@email.com
insert 1200 Emma emma.williams@webmail.com
insert 1201 Laura laura.miller@webmail.com
insert 1202 Chris chris.garcia@mail.com
insert 1203 Laura laura.smith@email.com
insert 1204 Michael michael.williams@webmail.com
insert 1205 Chris chris.williams@mail.com
insert 1206 Chris chris.williams@webmail.com
insert 1207 Emma emma.johnson@webmail.com
insert 1208 Sarah sarah.taylor@webmail.com
insert 1209 John john.williams@mail.com
insert 1210 Emma emma.martinez@webmail.com
insert 1211 James james.smith@webmail.com
insert 1212 Emily emily.smith@example.com
insert 1213 Jane jane.davis@webmail.com
insert 1214 James james.brown@example.com
insert 1215 John john.davis@webmail.com
insert 1216 Emily emily.jones@mail.com
insert 1217 James james.davis@example.com
insert 1218 Emily emily.miller@example.com
insert 1219 Laura laura.jones@email.com
insert 1220 Michael michael.davis@webmail.com
insert 1221 Emma emma.johnson@service.com
insert 1222 Laura laura.johnson@webmail.com
insert 1223 Jane jane.garcia@webmail.com
insert 1224 Michael michael.brown@email.com
insert 1225 Jane jane.williams@mail.com
insert 1226 James james.davis@example.com
insert 1227 James james.miller@webmail.com
insert 1228 Jane jane.jones@service.com
insert 1229 James james.johnson@service.com
insert 1230 Jane jane.williams@service.com
insert 1231 Emma emma.taylor@service.com
insert 1232 Laura laura.smith@email.com
insert 1233 James james.taylor@mail.com
insert 1234 David david.martinez@example.com
insert 1235 Sarah sarah.martinez@service.com
insert 1236 Sarah sarah.martinez@email.com
insert 1237 John john.williams@webmail.com
insert 1238 Jane jane.johnson@email.com
insert 1239 Michael michael.johnson@webmail.com
insert 1240 Emily emily.williams@email.com
insert 1241 Chris chris.smith@example.com
insert 1242 Laura laura.williams@mail.com
insert 1243 Jane jane.taylor@mail.com
insert 1244 Emily emily.davis@mail.com
insert 1245 Chris chris.taylor@webmail.com
insert 1246 John john.taylor@email.com
insert 1247 John john.martinez@service.com
insert 1248 Michael michael.smith@webmail.com
insert 1249 Chris chris.johnson@email.com
insert 1250 Jane jane.williams@email.com
insert 1251 Chris chris.davis@example.com
insert 1252 Michael michael.johnson@webmail.com
insert 1253 Sarah sarah.martinez@mail.com
insert 1254 Emma emma.martinez@service.com
insert 1255 David david.martinez@email.com
insert 1256 Laura laura.smith@email.com
insert 1257 Sarah sarah.jones@service.com
insert 1258 Emma emma.martinez@service.com
insert 1259 Emily emily.garcia@email.com
insert 1260 Emily emily.jones@example.com
insert 1261 Emily emily.garcia@webmail.com
insert 1262 Jane jane.brown@service.com
insert 1263 Emily emily.taylor@webmail.com
insert 1264 Emily emily.brown@webmail.com
insert 1265 Emma emma.jones@webmail.com
insert 1266 Emily emily.jones@mail.com
insert 1267 Chris chris.brown@example.com
insert 1268 Sarah sarah.garcia@example.com
insert 1269 James james.brown@service.com
insert 1270 James james.martinez@webmail.com
insert 1271 Sarah sarah.brown@service.com
insert 1272 Jane jane.smith@email.com
insert 1273 Chris chris.garcia@webmail.com
insert 1274 Emma emma.garcia@email.com
insert 1275 Emma emma.jones@example.com
insert 1276 Laura laura.johnson@email.com
insert 1277 Jane jane.miller@example.com
insert 1278 Emily emily.taylor@example.com
insert 1279 Emma emma.martinez@webmail.com
insert 1280 Michael michael.taylor@example.com
insert 1281 James james.williams@mail.com
insert 1282 Sarah sarah.martinez@webmail.com
insert 1283 Sarah sarah.davis@email.com
insert 1284 David david.garcia@mail.com
insert 1285 Chris chris.brown@email.com
insert 1286 Sarah sarah.taylor@example.com
insert 1287 Emma emma.martinez@email.com
insert 1288 James james.davis@webmail.com
insert 1289 John john.williams@example.com
insert 1290 James james.johnson@mail.com
insert 1291 Michael michael.taylor@example.com
insert 1292 Emma emma.davis@webmail.com
insert 1293 David david.johnson@service.com
insert 1294 Sarah sarah.smith@email.com
insert 1295 David david.johnson@example.com
insert 1296 James james.johnson@mail.com
insert 1297 Jane jane.brown@mail.com
insert 1298 Emma emma.davis@webmail.com
insert 1299 David david.davis@example.com
insert 1300 Emma emma.miller@example.com
insert 1301 David david.johnson@mail.com
insert 1302 Jane jane.williams@mail.com
insert 1303 David david.smith@email.com
insert 1304 James james.brown@service.com
insert 1305 Emma emma.martinez@webmail.com
insert 1306 Sarah sarah.martinez@mail.com
insert 1307 James james.smith@service.com
insert 1308 Laura laura.miller@email.com
insert 1309 Emma emma.miller@service.com
insert 1310 John john.davis@service.com
insert 1311 Emma emma.jones@service.com
insert 1312 Jane jane.jones@email.com
insert 1313 Emily emily.smith@example.com
insert 1314 Emma emma.williams@service.com
insert 1315 Emma emma.brown@example.com
insert 1316 Laura laura.miller@example.com
insert 1317 James james.martinez@service.com
insert 1318 Emily emily.taylor@mail.com
insert 1319 Laura laura.brown@webmail.com
insert 1320 Laura laura.miller@email.com
insert 1321 Michael michael.brown@email.com
insert 1322 Laura laura.taylor@webmail.com
insert 1323 Chris chris.garcia@service.com
insert 1324 Jane jane.williams@mail.com
insert 1325 Chris chris.smith@example.com
insert 1326 David david.martinez@email.com
insert 1327 Emily emily.brown@example.com
insert 1328 Jane jane.davis@service.com
insert 1329 Michael michael.johnson@webmail.com
insert 1330 Emma emma.johnson@service.com
insert 1331 Emily emily.miller@service.com
insert 1332 Emma emma.miller@service.com
insert 1333 Sarah sarah.garcia@example.com
insert 1334 John john.martinez@webmail.com
insert 1335 Chris chris.jones@email.com
insert 1336 David david.martinez@mail.com
insert 1337 John john.smith@webmail.com
insert 1338 David david.smith@example.com
insert 1339 Emma emma.martinez@email.com
insert 1340 John john.taylor@example.com
insert 1341 Jane jane.martinez@example.com
insert 1342 Chris chris.jones@email.com
insert 1343 David david.jones@example.com
insert 1344 Laura laura.martinez@example.com
insert 1345 James james.brown@email.com
insert 1346 John john.martinez@example.com
insert 1347 Jane jane.brown@email.com
insert 1348 Emma emma.brown@service.com
insert 1349 Laura laura.smith@webmail.com
insert 1350 Michael michael.brown@email.com
insert 1351 John john.martinez@email.com
insert 1352 Emily emily.johnson@example.com
insert 1353 Emma emma.brown@mail.com
insert 1354 Michael michael.davis@webmail.com
insert 1355 Michael michael.miller@service.com
insert 1356 Jane jane.davis@webmail.com
insert 1357 James james.taylor@mail.com
insert 1358 Jane jane.davis@email.com
insert 1359 John john.miller@mail.com
insert 1360 Laura laura.johnson@webmail.com
insert 1361 Michael michael.smith@webmail.com
insert 1362 Sarah sarah.johnson@service.com
insert 1363 Jane jane.jones@service.com
insert 1364 Laura laura.davis@webmail.com
insert 1365 Michael michael.smith@example.com
insert 1366 Emma emma.johnson@example.com
insert 1367 Chris chris.johnson@mail.com
insert 1368 Sarah sarah.williams@mail.com
insert 1369 Sarah sarah.johnson@mail.com
insert 1370 Michael michael.garcia@example.com
insert 1371 James james.jones@email.com
insert 1372 Emily emily.smith@webmail.com
insert 1373 Sarah sarah.williams@email.com
insert 1374 Jane jane.davis@example.com
insert 1375 Sarah sarah.miller@email.com
insert 1376 Chris chris.brown@service.com
insert 1377 Emma emma.davis@mail.com
insert 1378 Laura laura.johnson@service.com
insert 1379 James james.jones@service.com
insert 1380 Laura laura.smith@service.com
insert 1381 Sarah sarah.garcia@example.com
insert 1382 Jane jane.davis@mail.com
insert 1383 Jane jane.taylor@mail.com
insert 1384 James james.williams@service.com
insert 1385 Laura laura.davis@email.com
insert 1386 John john.johnson@example.com
insert 1387 John john.smith@webmail.com
insert 1388 Jane jane.brown@mail.com
insert 1389 Jane jane.brown@mail.com
insert 1390 John john.miller@mail.com
insert 1391 Chris chris.davis@email.com
insert 1392 Emily emily.jones@example.com
insert 1393 Laura laura.jones@mail.com
insert 1394 Chris chris.jones@email.com
insert 1395 John john.martinez@example.com
insert 1396 Emily emily.williams@example.com
insert 1397 James james.taylor@service.com
insert 1398 Sarah sarah.johnson@example.com
insert 1399 Chris chris.brown@mail.com
insert 1400 Emily emily.martinez@example.com
insert 1401 Emma emma.smith@example.com
.exit